USE guarderia_mascotas;

INSERT razas(nombre) VALUES
("Labrador Retriever"),
("Pastor Alemán"),
("Bulldog"),
("Golden Retriever"),
("Poodle"),
("Beagle"),
("Dachshund"),
("Chihuahua"),
("Boxer"),
("Schnauzer"),
("Rottweiler"),
("Yorkshire Terrier"),
("Bull Terrier"),
("Pug"),
("Cocker Spaniel"),
("Doberman"),
("Shih Tzu"),
("Maltese"),
("Basset Hound"),
("Border Collie"),
("Great Dane"),
("Pomeranian"),
("Husky Siberiano"),
("Shetland Sheepdog"),
("French Bulldog"),
("Australian Shepherd"),
("Pitbull"),
("German Shorthaired Pointer"),
("Cane Corso"),
("Boston Terrier"),
("English Springer Spaniel"),
("Cavalier King Charles Spaniel"),
("West Highland White Terrier"),
("Pekingese"),
("Akita"),
("Australian Cattle Dog"),
("Bernese Mountain Dog"),
("Bloodhound"),
("Borzoi"),
("Briard"),
("Brittany"),
("Bulldog Francés"),
("Cairn Terrier"),
("Cocker Spaniel Inglés"),
("Collie");

INSERT dueños (cc, nombres, apellidos, direccion, telefono) VALUES
("123456789", "Juan", "González", "Calle 123 #45-67", "1234567890"),
("234567890", "María", "Rodríguez", "Carrera 34 #56-78", "2345678901"),
("345678901", "Carlos", "Martínez", "Avenida 67 #89-01", "3456789012"),
("456789012", "Laura", "Sánchez", "Calle 89 #10-12", "4567890123"),
("567890123", "Andrés", "López", "Carrera 12 #34-56", "5678901234"),
("678901234", "Ana", "Pérez", "Avenida 45 #67-89", "6789012345"),
("789012345", "Diego", "Gómez", "Calle 56 #78-90", "7890123456"),
("890123456", "Sofia", "Hernández", "Carrera 78 #90-12", "8901234567"),
("901234567", "Juliana", "Días", "Avenida 90 #12-34", "9012345678"),
("012345678", "Daniel", "Vargas", "Calle 67 #89-01", "0123456789"),
("123456780", "Camilo", "London", "Carrera 45 #67-89", "1234567801"),
("234567801", "Mateo", "Girado", "Avenida 23 #45-67", "2345678012"),
("345678012", "Valentina", "Moreno", "Calle 56 #78-90", "3456780123"),
("456780123", "David", "González", "Carrera 78 #90-12", "4567801234"),
("567801234", "Mariana", "Herrera", "Avenida 45 #67-89", "5678012345"),
("678012345", "Andrea", "Suárez", "Calle 34 #56-78", "6780123456"),
("789012356", "Sebastián", "Gómez", "Carrera 23 #45-67", "7890123567"),
("890123567", "Isabella", "Álvarez", "Avenida 12 #34-56", "8901235678"),
("901234678", "Gabriel", "Rojas", "Calle 78 #90-12", "9012346789"),
("012345789", "Laura", "Martínez", "Carrera 56 #78-90", "0123457890");

INSERT INTO mascotas (nombre, edad, color, genero, especie, dueñoscc, razasid) VALUES
("Buddy", 4, "Dorado", "Macho", "Perro", "123456789", 1),
("Luna", 2, "Blanco", "Hembra", "Gato", "234567890", 3),
("Rocky", 3, "Marrón", "Macho", "Perro", "345678901", 2),
("Coco", 5, "Negro", "Macho", "Perro", "456789012", 3),
("Bella", 1, "Blanco", "Hembra", "Gato", "567890123", 5),
("Max", 6, "Negro y marrón", "Macho", "Perro", "678901234", 10),
("Lola", 3, "Blanco y negro", "Hembra", "Perro", "789012345", 12),
("Leo", 2, "Gris", "Macho", "Gato", "890123456", 7),
("Mia", 4, "Dorado", "Hembra", "Perro", "901234567", 4),
("Simba", 3, "Naranja", "Macho", "Gato", "012345678", 9),
("Luna", 7, "Gris y blanco", "Hembra", "Perro", "123456780", 6),
("Rocko", 1, "Negro", "Macho", "Gato", "234567801", 8),
("Canela", 3, "Marrón claro", "Hembra", "Perro", "345678012", 15),
("Charlie", 2, "Negro y blanco", "Macho", "Gato", "456780123", 18),
("Milo", 5, "Marrón oscuro", "Macho", "Perro", "567801234", 20),
("Nina", 2, "Blanco", "Hembra", "Gato", "678012345", 17),
("Max", 4, "Negro", "Macho", "Perro", "789012356", 16),
("Luna", 3, "Blanco", "Hembra", "Gato", "890123567", 13),
("Rocky", 6, "Marrón", "Macho", "Perro", "901234678", 11),
("Mia", 2, "Dorado", "Hembra", "Perro", "012345789", 19),
("Toby", 3, "Gris", "Macho", "Gato", "123456789", 2),
("Bella", 1, "Blanco", "Hembra", "Gato", "123456789", 4),
("Max", 4, "Negro y marrón", "Macho", "Perro", "234567890", 1),
("Lola", 3, "Blanco y negro", "Hembra", "Perro", "234567890", 3),
("Leo", 2, "Gris", "Macho", "Gato", "345678901", 5),
("Mia", 4, "Dorado", "Hembra", "Perro", "345678901", 7),
("Simba", 3, "Naranja", "Macho", "Gato", "456789012", 10),
("Luna", 7, "Gris y blanco", "Hembra", "Perro", "456789012", 11),
("Rocko", 1, "Negro", "Macho", "Gato", "567890123", 12),
("Canela", 3, "Marrón claro", "Hembra", "Perro", "567890123", 14);